{
  "roc_auc_mean": 0.8753070941861738,
  "roc_auc_std": 0.0074533945205060605,
  "num_features": 5,
  "top_correlations_with_target": {
    "delinquency_30d_freq": 0.5112581353223267,
    "tot_outstanding_debt": 0.5097084233585082,
    "credit_lines_count": 0.36992138914931294,
    "annual_income": 0.2176637797440191
  },
  "feature_importance": {}
}