{
  "r2_score_mean": 0.39023451081486965,
  "r2_score_std": 0.03812741007425685,
  "num_features": 5,
  "top_correlations_with_target": {
    "delinquency_30d_freq": 0.5112581353223267,
    "tot_outstanding_debt": 0.5097084233585082,
    "credit_lines_count": 0.36992138914931294,
    "annual_income": 0.2176637797440191
  },
  "feature_importance": {}
}